DateTime,y_true,prob_Sell,prob_Hold,predicted,Open,High,Low,Close,Volume
2026-05-01 00:00:00,0,0.41394627653936306,0.5860537234606369,Hold,105.122925,105.453316,105.112915,105.243065,1168
2026-05-01 01:00:00,1,0.4210823831258157,0.5789176168741843,Hold,105.233055,106.77486,105.233055,106.054016,3794
2026-05-01 02:00:00,1,0.37374071838409817,0.6262592816159018,Hold,106.064026,106.26426,104.25191,105.64354,7395
2026-05-01 03:00:00,1,0.42320834962152337,0.5767916503784767,Hold,105.64354,105.86379,104.80255,105.65355,5220
2026-05-01 04:00:00,1,0.396308192711897,0.603691807288103,Hold,105.66356,106.2943,105.343185,105.54342,3446
2026-05-01 05:00:00,1,0.4307727888989325,0.5692272111010674,Hold,105.56344,105.84377,105.08288,105.13294,2865
2026-05-01 06:00:00,1,0.37559006101349784,0.6244099389865021,Hold,105.122925,105.32316,104.0717,104.19184,7920
2026-05-01 07:00:00,0,0.32474841904033175,0.6752515809596682,Hold,104.22187,104.532234,102.32966,103.88148,16732
2026-05-01 08:00:00,0,0.24409772731057233,0.7559022726894277,Hold,103.9015,103.99161,100.53757,100.96807,25825
2026-05-01 09:00:00,0,0.21449497500460746,0.7855050249953925,Hold,100.928024,101.85911,99.41625,101.72896,27835
2026-05-01 10:00:00,0,0.16504472219634683,0.8349552778036532,Hold,101.70894,102.599976,100.87796,101.178314,17703
2026-05-01 11:00:00,0,0.182812033373956,0.817187966626044,Hold,101.20835,102.710106,100.8279,101.94922,17653
2026-05-01 12:00:00,0,0.17426732493720365,0.8257326750627964,Hold,101.999275,102.249565,101.34851,101.55876,9909
2026-05-01 13:00:00,0,0.18386250357972475,0.8161374964202752,Hold,101.56877,102.830246,101.25841,102.29962,16536
2026-05-01 14:00:00,0,0.22870964573801858,0.7712903542619814,Hold,102.31965,102.54992,101.9392,102.29962,3805
2026-05-01 15:00:00,0,0.2329784381080069,0.7670215618919931,Hold,102.30964,102.87029,102.14945,102.62,3597
2026-05-03 17:00:00,0,0.16059585153010153,0.8394041484698984,Hold,99.846756,101.69892,99.22603,101.178314,10338
2026-05-03 18:00:00,0,0.18404705490448006,0.81595294509552,Hold,101.158295,101.889145,101.11824,101.8491,2030
2026-05-03 19:00:00,0,0.16867188877037312,0.8313281112296269,Hold,101.8491,102.4498,101.178314,101.278435,3770
2026-05-03 20:00:00,0,0.22177780576230835,0.7782221942376917,Hold,101.26842,102.109406,101.26842,101.74898,2202
2026-05-03 21:00:00,0,0.24841353503494346,0.7515864649650565,Hold,101.73897,102.21953,101.5087,101.9392,1337
2026-05-03 22:00:00,0,0.2623879311101399,0.7376120688898601,Hold,101.94922,102.31965,101.879135,102.019295,1426
2026-05-03 23:00:00,0,0.2920557110982164,0.7079442889017836,Hold,102.009285,102.04933,101.23838,101.79904,1585
2026-05-04 00:00:00,0,0.2494057671975086,0.7505942328024914,Hold,101.79904,101.879135,100.23721,101.068184,4104
2026-05-04 01:00:00,0,0.2540846113772557,0.7459153886227443,Hold,101.08821,102.90033,100.948044,102.53991,4957
2026-05-04 02:00:00,0,0.24534752130838136,0.7546524786916187,Hold,102.52989,103.57111,102.49986,103.57111,5389
2026-05-04 03:00:00,0,0.2648970684821526,0.7351029315178474,Hold,103.5611,104.66239,103.24072,103.38089,7075
2026-05-04 04:00:00,0,0.24048294386478916,0.7595170561352108,Hold,103.41093,103.46098,102.730125,103.18066,3639
2026-05-04 05:00:00,0,0.3083265922419736,0.6916734077580264,Hold,103.18066,107.58581,103.10056,105.79371,28738
2026-05-04 06:00:00,0,0.3351115278431501,0.6648884721568499,Hold,105.79371,106.17416,104.01163,104.25191,11832
2026-05-04 07:00:00,0,0.31422022594405724,0.6857797740559428,Hold,104.26192,104.31198,102.239555,102.950386,14855
2026-05-04 08:00:00,0,0.28921356265378995,0.71078643734621,Hold,102.94038,104.30196,101.94922,102.31965,22176
2026-05-04 09:00:00,0,0.2469929536419323,0.7530070463580677,Hold,102.33967,103.77135,101.60882,103.59113,19340
2026-05-04 10:00:00,0,0.19293529925149705,0.807064700748503,Hold,103.61116,106.15414,103.11057,105.72363,34124
2026-05-04 11:00:00,0,0.16447337637855095,0.835526623621449,Hold,105.75366,106.76485,104.81256,106.25425,23702
2026-05-04 12:00:00,0,0.1317947567244398,0.8682052432755603,Hold,106.25425,106.37439,105.102905,105.39324,12593
2026-05-04 13:00:00,0,0.12774133230528767,0.8722586676947124,Hold,105.39324,106.88499,104.872635,105.813736,18292
2026-05-04 14:00:00,0,0.12029319779313886,0.8797068022068611,Hold,105.813736,105.97392,104.9327,105.41327,7920
2026-05-04 15:00:00,0,0.1160467718260776,0.8839532281739224,Hold,105.41327,105.4433,104.73247,105.26309,2102
2026-05-04 17:00:00,0,0.13884410355572735,0.8611558964442727,Hold,105.05284,105.60349,104.79254,105.03282,1136
2026-05-04 18:00:00,0,0.1430963099658376,0.8569036900341624,Hold,105.05284,105.243065,104.9327,105.112915,544
2026-05-04 19:00:00,0,0.1442104551765877,0.8557895448234123,Hold,105.122925,105.37322,104.642365,104.96274,1348
2026-05-04 20:00:00,0,0.18900052006250376,0.8109994799374962,Hold,104.94272,105.19301,104.66239,104.91268,1516
2026-05-04 21:00:00,0,0.22431968772739042,0.7756803122726096,Hold,104.91268,104.91268,104.041664,104.31198,2397
2026-05-04 22:00:00,0,0.2998324380092074,0.7001675619907926,Hold,104.332,104.642365,104.22187,104.49219,770
2026-05-04 23:00:00,0,0.3091460632259486,0.6908539367740514,Hold,104.49219,104.5022,103.97158,104.291954,877
2026-05-05 00:00:00,0,0.3282092538472566,0.6717907461527435,Hold,104.30196,104.70244,104.291954,104.392075,1749
2026-05-05 01:00:00,0,0.3285863475311859,0.6714136524688141,Hold,104.412094,105.473335,104.11175,104.54225,3784
2026-05-05 02:00:00,0,0.3533590037748237,0.6466409962251762,Hold,104.532234,104.94272,103.27076,104.6724,5982
2026-05-05 03:00:00,0,0.2361184868508742,0.7638815131491258,Hold,104.66239,104.81256,103.200676,103.55109,6507
2026-05-05 04:00:00,0,0.3173082126495608,0.6826917873504392,Hold,103.5611,104.62234,103.5611,104.13177,4833
2026-05-05 05:00:00,1,0.35421799261532866,0.6457820073846714,Hold,104.13177,104.532234,103.62117,104.30196,3805
2026-05-05 06:00:00,0,0.3534496727505329,0.646550327249467,Hold,104.31198,105.213036,103.85144,103.87146,6465
2026-05-05 07:00:00,0,0.33913617759299114,0.6608638224070089,Hold,103.86145,104.332,102.710106,103.34084,13093
2026-05-05 08:00:00,0,0.3135955679513363,0.6864044320486637,Hold,103.34084,103.48101,102.15946,102.17948,13635
2026-05-05 09:00:00,0,0.25466844246922155,0.7453315575307784,Hold,102.229546,103.12058,101.19834,101.73897,28506
2026-05-05 10:00:00,0,0.27182667459750925,0.7281733254024907,Hold,101.73897,102.64002,101.398575,102.21953,14886
2026-05-05 11:00:00,0,0.2971605239291038,0.7028394760708963,Hold,102.20952,102.53991,101.869125,102.42978,7146
2026-05-05 12:00:00,0,0.25340795339404354,0.7465920466059565,Hold,102.42978,102.49986,101.56877,102.17948,9744
2026-05-05 13:00:00,0,0.266743268553411,0.733256731446589,Hold,102.1895,102.75015,101.94922,102.38973,13079
2026-05-05 14:00:00,1,0.2536452820609632,0.7463547179390368,Hold,102.39974,103.03048,102.28961,102.90033,4999
2026-05-05 15:00:00,1,0.2696720722692363,0.7303279277307637,Hold,102.91034,102.93037,102.479836,102.80021,3071
2026-05-05 17:00:00,1,0.2282628168748337,0.7717371831251663,Hold,102.82024,102.82024,99.236046,101.14828,6118
2026-05-05 18:00:00,0,0.19261883278525166,0.8073811672147484,Hold,101.14828,101.26842,99.30612,99.91684,6470
2026-05-05 19:00:00,1,0.21365197962194146,0.7863480203780585,Hold,99.91684,101.528725,99.726616,101.02814,6268
2026-05-05 20:00:00,1,0.24139913579169456,0.7586008642083054,Hold,101.00812,101.408585,100.2272,100.67773,4316
2026-05-05 21:00:00,1,0.30285076312350995,0.69714923687649,Hold,100.68774,100.908,100.5676,100.75782,1499
2026-05-05 22:00:00,1,0.33907828674953344,0.6609217132504666,Hold,100.77785,101.09822,100.43745,100.697754,1401
2026-05-05 23:00:00,1,0.33839013391211764,0.6616098660878824,Hold,100.71777,100.85794,100.32732,100.50753,997
2026-05-06 00:00:00,1,0.3631169423008482,0.6368830576991518,Hold,100.50753,101.48868,100.3073,100.40741,2899
2026-05-06 01:00:00,1,0.44795338387423683,0.5520466161257631,Hold,100.41743,101.418594,99.856766,100.96807,4872
2026-05-06 02:00:00,1,0.3454557356558056,0.6545442643441943,Hold,100.97808,101.308464,97.81438,97.9145,11318
2026-05-06 03:00:00,1,0.24815395439239674,0.7518460456076033,Hold,97.87445,99.20601,95.301445,95.561745,19719
2026-05-06 04:00:00,0,0.24012084517960494,0.759879154820395,Hold,95.561745,96.44278,93.41924,93.45929,25768
2026-05-06 05:00:00,0,0.23243571869935753,0.7675642813006425,Hold,93.45929,93.49934,89.63482,89.915146,34438
2026-05-06 06:00:00,0,0.2242557644017345,0.7757442355982656,Hold,89.89512,92.73844,88.763794,92.668365,32837
2026-05-06 07:00:00,0,0.234085003757912,0.765914996242088,Hold,92.668365,96.21251,92.578255,95.53171,32124
2026-05-06 08:00:00,0,0.21962778862660598,0.780372211373394,Hold,95.53171,96.91333,95.23136,96.152435,28021
2026-05-06 09:00:00,0,0.16473608882148627,0.8352639111785137,Hold,96.142426,97.44395,94.590614,94.89096,26649
2026-05-06 10:00:00,0,0.1498117948701105,0.8501882051298895,Hold,94.88095,96.22252,94.730774,95.441605,17948
2026-05-06 11:00:00,0,0.1595540432915704,0.8404459567084296,Hold,95.441605,96.4628,94.68072,95.98224,13369
2026-05-06 12:00:00,0,0.1367793812393279,0.8632206187606721,Hold,95.97223,96.06233,95.10121,95.3515,9150
2026-05-06 13:00:00,0,0.10641887908063277,0.8935811209193673,Hold,95.36151,95.421585,94.44044,95.321465,16616
2026-05-06 14:00:00,0,0.09664529844836661,0.9033547015516334,Hold,95.331474,95.681885,94.94102,95.48165,4946
2026-05-06 15:00:00,0,0.07646651317361926,0.9235334868263807,Hold,95.46163,96.48283,95.17129,96.32264,3666
2026-05-06 17:00:00,0,0.07515491452318741,0.9248450854768125,Hold,96.41274,96.44278,95.73194,95.97223,1375
2026-05-06 18:00:00,0,0.08857742959847766,0.9114225704015223,Hold,95.96221,96.17246,95.83206,96.00226,751
2026-05-06 19:00:00,0,0.11550549405994683,0.8844945059400532,Hold,96.012276,96.59295,95.85209,96.262566,2408
2026-05-06 20:00:00,0,0.10389500889130907,0.8961049911086909,Hold,96.2926,96.56292,95.49166,95.541725,3060
2026-05-06 21:00:00,0,0.13368756145700186,0.8663124385429981,Hold,95.5217,95.892136,94.94102,95.81204,2515
2026-05-06 22:00:00,1,0.1798139869188234,0.8201860130811767,Hold,95.802025,96.06233,95.46163,95.922165,1121
2026-05-06 23:00:00,1,0.20241134590801269,0.7975886540919873,Hold,95.93218,95.9522,95.61181,95.661865,728
2026-05-07 00:00:00,1,0.23891383487626153,0.7610861651237385,Hold,95.661865,95.88212,95.37152,95.47164,1195
2026-05-07 01:00:00,0,0.2302149994170096,0.7697850005829904,Hold,95.49166,95.782005,94.28025,94.74078,4889
2026-05-07 02:00:00,0,0.1963286892212394,0.8036713107787606,Hold,94.77082,94.850914,92.02761,93.43926,17050
2026-05-07 03:00:00,0,0.20847421716583908,0.7915257828341609,Hold,93.43926,94.69073,92.83856,92.98874,9346
2026-05-07 04:00:00,0,0.23574803418863993,0.76425196581136,Hold,92.98874,93.30911,92.24787,92.97873,5790
2026-05-07 05:00:00,0,0.20353837020431664,0.7964616297956834,Hold,92.99875,93.43926,92.347984,92.96871,5766
2026-05-07 06:00:00,0,0.19013512986029182,0.8098648701397082,Hold,92.918655,93.06883,91.43692,91.9275,9163
2026-05-07 07:00:00,0,0.1719161881904894,0.8280838118095106,Hold,91.90747,92.17779,89.95519,90.79617,17430
2026-05-07 08:00:00,0,0.15014305695292388,0.8498569430470762,Hold,90.80618,92.798515,90.78616,91.26672,22820
2026-05-07 09:00:00,0,0.1128217806977836,0.8871782193022164,Hold,91.27673,91.68722,90.405716,91.30677,17564
2026-05-07 10:00:00,0,0.12965888189211167,0.8703411181078884,Hold,91.27673,93.53938,91.26672,93.41924,22170
2026-05-07 11:00:00,0,0.09508909128325374,0.9049109087167463,Hold,93.41924,96.00226,93.379196,95.75197,29828
2026-05-07 12:00:00,0,0.09174591707763717,0.9082540829223629,Hold,95.74196,97.5741,94.67071,94.99108,33840
2026-05-07 13:00:00,0,0.07724409524875023,0.9227559047512498,Hold,94.99108,96.7131,94.68072,95.72193,26230
2026-05-07 14:00:00,0,0.0822141588512275,0.9177858411487725,Hold,95.75197,97.36385,95.59178,96.47281,14954
2026-05-07 15:00:00,0,0.08124563160832433,0.9187543683916757,Hold,96.48283,98.10472,94.830894,97.77434,11958
2026-05-07 17:00:00,0,0.07996577162670522,0.9200342283732947,Hold,98.36502,98.75548,96.23253,97.38388,6606
2026-05-07 18:00:00,0,0.07758737042311299,0.922412629576887,Hold,97.36385,97.37386,96.8032,97.09354,1323
2026-05-07 19:00:00,0,0.07942542541840371,0.9205745745815963,Hold,97.103546,97.41391,96.512856,96.70308,1961
2026-05-07 20:00:00,0,0.09380149064350328,0.9061985093564967,Hold,96.69307,96.70308,95.63183,96.142426,4386
2026-05-07 21:00:00,0,0.10725227255161816,0.8927477274483818,Hold,96.152435,96.58294,95.191315,95.8621,3381
2026-05-07 22:00:00,0,0.1358759565412996,0.8641240434587004,Hold,95.81204,95.922165,95.47164,95.82205,1185
2026-05-07 23:00:00,0,0.14693224750238312,0.8530677524976169,Hold,95.81204,96.59295,95.76198,95.912155,1958
2026-05-08 00:00:00,0,0.15978367067047947,0.8402163293295205,Hold,95.88212,96.022285,95.421585,95.53171,1927
2026-05-08 01:00:00,0,0.15632413775122483,0.8436758622487752,Hold,95.541725,95.902145,94.26022,95.25138,5866
2026-05-08 02:00:00,0,0.18465546811221473,0.8153445318877852,Hold,95.23136,96.022285,94.89096,95.37152,4774
2026-05-08 03:00:00,0,0.18148894501925922,0.8185110549807408,Hold,95.37152,95.64184,94.28025,94.710754,6440
2026-05-08 04:00:00,0,0.20742558265295818,0.7925744173470418,Hold,94.710754,95.50168,93.92984,95.2614,5658
2026-05-08 05:00:00,0,0.17966152564307739,0.8203384743569226,Hold,95.27141,95.41157,94.56058,95.00109,5126
2026-05-08 06:00:00,0,0.198637669806583,0.801362330193417,Hold,95.04114,95.37152,94.3203,95.081184,4596
2026-05-08 07:00:00,0,0.2088326271703493,0.7911673728296507,Hold,95.091194,95.74196,94.720764,95.46163,7339
2026-05-08 08:00:00,0,0.17218590668121142,0.8278140933187885,Hold,95.46163,95.51169,94.01994,94.42041,16892
2026-05-08 09:00:00,0,0.1360790384185339,0.8639209615814661,Hold,94.45045,95.96221,94.43042,95.5217,15275
2026-05-08 10:00:00,0,0.11000692845738405,0.889993071542616,Hold,95.53171,96.23253,95.211334,95.922165,17508
2026-05-08 11:00:00,0,0.12451022420151016,0.8754897757984899,Hold,95.922165,96.2926,95.561745,96.24254,10314
2026-05-08 12:00:00,0,0.1294709909558185,0.8705290090441815,Hold,96.24254,96.272575,95.421585,95.60179,7736
2026-05-08 13:00:00,0,0.12862796900690074,0.8713720309930992,Hold,95.60179,95.922165,94.70074,95.671875,16593
2026-05-08 14:00:00,0,0.11661469836491516,0.8833853016350849,Hold,95.671875,95.76198,94.80086,95.02111,4518
2026-05-08 15:00:00,0,0.11967512338969627,0.8803248766103038,Hold,95.03113,95.16128,94.52053,94.79085,2411
2026-05-10 17:00:00,0,0.1230585908073157,0.8769414091926843,Hold,98.304955,98.96573,97.76432,98.40507,8137
2026-05-10 18:00:00,0,0.12313484327283179,0.8768651567271682,Hold,98.425095,99.03581,98.304955,98.98575,2790
2026-05-10 19:00:00,0,0.16063072070931822,0.8393692792906817,Hold,98.97574,100.02697,98.61532,99.366196,5591
2026-05-10 20:00:00,0,0.16452198394197434,0.8354780160580256,Hold,99.34617,99.486336,98.95571,99.09588,4634
2026-05-10 21:00:00,0,0.1683678153338287,0.8316321846661713,Hold,99.135925,99.98692,98.995766,99.92685,3126
2026-05-10 22:00:00,0,0.27782452961146753,0.7221754703885325,Hold,99.92685,100.42744,99.7967,100.06702,3297
2026-05-10 23:00:00,0,0.28594308523021805,0.714056914769782,Hold,100.06702,100.4875,100.057,100.41743,1630
2026-05-11 00:00:00,0,0.24915337023937753,0.7508466297606224,Hold,100.40741,100.45747,99.736626,99.8868,2436
2026-05-11 01:00:00,0,0.25517986412317034,0.7448201358768296,Hold,99.8868,100.24722,99.015785,99.145935,4397
2026-05-11 02:00:00,0,0.2981680502899716,0.7018319497100284,Hold,99.125916,99.43628,98.35501,98.415085,4804
2026-05-11 03:00:00,0,0.22433779802010168,0.7756622019798983,Hold,98.39506,98.555244,97.03347,97.704254,9058
2026-05-11 04:00:00,0,0.22783007121091323,0.7721699287890867,Hold,97.73428,98.22486,97.48399,98.204834,3420
2026-05-11 05:00:00,0,0.23358894790389126,0.7664110520961087,Hold,98.194824,98.22486,97.39389,98.13476,3706
2026-05-11 06:00:00,0,0.2931086162283923,0.7068913837716078,Hold,98.14477,98.69541,97.824394,98.435104,3212
2026-05-11 07:00:00,0,0.2785734864537994,0.7214265135462006,Hold,98.435104,98.81555,96.70308,98.194824,11590
2026-05-11 08:00:00,0,0.2146428307618179,0.7853571692381821,Hold,98.194824,98.23487,96.24254,96.733116,18137
2026-05-11 09:00:00,0,0.16265703687273256,0.8373429631272674,Hold,96.75314,98.074684,96.67304,97.80437,13299
2026-05-11 10:00:00,0,0.13846750536155225,0.8615324946384477,Hold,97.78435,98.415085,97.30378,97.98458,13597
2026-05-11 11:00:00,0,0.13115041019173573,0.8688495898082642,Hold,97.99459,99.95689,97.964554,99.376205,14824
2026-05-11 12:00:00,0,0.10745515473934485,0.8925448452606551,Hold,99.376205,99.376205,98.22486,98.45513,8457
2026-05-11 13:00:00,0,0.10435350509300831,0.8956464949069917,Hold,98.47515,99.015785,97.934525,98.24488,16730
2026-05-11 14:00:00,0,0.1181997226181849,0.8818002773818151,Hold,98.23487,98.61532,97.954544,98.44512,3772
2026-05-11 15:00:00,0,0.14991726837589303,0.850082731624107,Hold,98.425095,99.09588,98.28493,98.36502,4331
2026-05-11 17:00:00,0,0.18353434819945474,0.8164656518005453,Hold,98.50519,98.56526,98.13476,98.35501,848
2026-05-11 18:00:00,0,0.23887282422335637,0.7611271757766436,Hold,98.35501,98.39506,98.11473,98.22486,455
2026-05-11 19:00:00,0,0.23439470989501268,0.7656052901049873,Hold,98.23487,98.905655,98.21485,98.84559,2543
2026-05-11 20:00:00,0,0.2962736740929339,0.7037263259070661,Hold,98.82556,99.256065,98.47515,99.15595,2219
2026-05-11 21:00:00,0,0.364215684008847,0.6357843159911529,Hold,99.16596,99.39623,99.04582,99.08587,1793
2026-05-11 22:00:00,0,0.45651402582371864,0.5434859741762814,Hold,99.115906,99.32615,98.9457,99.266075,1133
2026-05-11 23:00:00,0,0.40214496961023644,0.5978550303897636,Hold,99.256065,99.2861,98.785515,99.135925,927
2026-05-12 00:00:00,0,0.3901149854666004,0.6098850145333996,Hold,99.15595,99.63651,98.93569,99.31614,1382
2026-05-12 01:00:00,0,0.41435180836506497,0.585648191634935,Hold,99.33616,100.8279,99.30612,100.63768,6711
2026-05-12 02:00:00,0,0.45795772934542844,0.5420422706545716,Hold,100.65771,100.8279,100.36736,100.78786,3827
2026-05-12 03:00:00,0,0.4293198789968946,0.5706801210031054,Hold,100.77785,101.58879,100.71777,101.01813,5813
2026-05-12 04:00:00,0,0.3830746240038235,0.6169253759961765,Hold,101.03815,101.879135,100.97808,101.20835,5141
2026-05-12 05:00:00,0,0.3695157008191328,0.6304842991808672,Hold,101.19834,102.08938,100.938034,101.789024,5033
2026-05-12 06:00:00,0,0.40068907065539583,0.5993109293446042,Hold,101.779015,102.16947,101.26842,101.38856,5035
2026-05-12 07:00:00,0,0.38584070522993613,0.6141592947700638,Hold,101.398575,101.879135,100.71777,100.88798,8592
2026-05-12 08:00:00,0,0.35195791619887096,0.648042083801129,Hold,100.87796,102.249565,100.78786,101.889145,10988
2026-05-12 09:00:00,0,0.24467462513979124,0.7553253748602088,Hold,101.889145,102.29962,101.49869,102.05934,10834
2026-05-12 10:00:00,0,0.22545435501584296,0.774545644984157,Hold,102.05934,102.359695,101.278435,101.61883,10757
2026-05-12 11:00:00,0,0.18618857983928788,0.8138114201607121,Hold,101.59881,102.08938,101.3385,101.758995,7588
2026-05-12 12:00:00,0,0.14051157004362097,0.859488429956379,Hold,101.74898,101.83909,101.34851,101.80905,6735
2026-05-12 13:00:00,0,0.13372824553343748,0.8662717544665626,Hold,101.80905,102.840256,101.648865,102.66005,17462
2026-05-12 14:00:00,0,0.10297987612188006,0.8970201238781199,Hold,102.67006,102.68007,102.32966,102.49986,3784
2026-05-12 15:00:00,0,0.12349078748037455,0.8765092125196254,Hold,102.489845,102.589966,102.02931,102.16947,1911
2026-05-12 17:00:00,0,0.1510398117337238,0.8489601882662762,Hold,102.2796,102.38973,101.81906,102.04933,1072
2026-05-12 18:00:00,0,0.1796590780123585,0.8203409219876415,Hold,102.04933,102.249565,102.03932,102.1895,471
2026-05-12 19:00:00,0,0.18252019349613538,0.8174798065038646,Hold,102.17948,102.19951,101.048164,101.57878,3744
2026-05-12 20:00:00,0,0.20911965290311596,0.790880347096884,Hold,101.58879,101.74898,101.37855,101.69892,1030
2026-05-12 21:00:00,0,0.25016284304478825,0.7498371569552118,Hold,101.71895,101.869125,100.88798,101.188324,1578
2026-05-12 22:00:00,0,0.3371631832703692,0.6628368167296308,Hold,101.178314,101.31848,100.95805,101.178314,1160
2026-05-12 23:00:00,0,0.31868583075322554,0.6813141692467745,Hold,101.168304,101.168304,100.697754,100.86795,962
2026-05-13 00:00:00,0,0.4410357767906465,0.5589642232093535,Hold,100.85794,101.01813,100.67773,100.78786,984
2026-05-13 01:00:00,0,0.44272630652258704,0.557273693477413,Hold,100.77785,101.23838,100.68774,101.09822,2186
2026-05-13 02:00:00,0,0.43186717578800904,0.568132824211991,Hold,101.09822,101.46865,100.76784,101.34851,3076
2026-05-13 03:00:00,0,0.4687072623473822,0.5312927376526178,Hold,101.34851,101.92919,101.168304,101.68891,4184
2026-05-13 04:00:00,0,0.4517587696496523,0.5482412303503477,Hold,101.6789,102.09939,101.308464,101.418594,2675
2026-05-13 05:00:00,0,0.41349369059546015,0.5865063094045398,Hold,101.44863,102.50987,101.43862,102.41977,4326
2026-05-13 06:00:00,0,0.4780185203280122,0.5219814796719878,Hold,102.42978,102.479836,101.789024,101.96924,3449
2026-05-13 07:00:00,0,0.4529761666196595,0.5470238333803406,Hold,101.97925,102.87029,101.879135,102.4498,5951
2026-05-13 08:00:00,0,0.39410466204561634,0.6058953379543837,Hold,102.4498,103.01046,102.14945,102.99043,10132
2026-05-13 09:00:00,0,0.3742533584678048,0.6257466415321953,Hold,102.99043,103.79137,102.81022,103.26075,14131
2026-05-13 10:00:00,0,0.27917854579732454,0.7208214542026754,Hold,103.26075,103.36086,102.139435,102.33967,10774
2026-05-13 11:00:00,0,0.2260278378328295,0.7739721621671705,Hold,102.349686,102.489845,100.96807,102.21953,15307
2026-05-13 12:00:00,0,0.23336553282824307,0.7666344671717569,Hold,102.19951,102.29962,101.3385,101.44863,6890
2026-05-13 13:00:00,0,0.18588516355762746,0.8141148364423725,Hold,101.43862,101.518715,100.807884,101.12826,12984
2026-05-13 14:00:00,0,0.18963333648676114,0.8103666635132388,Hold,101.14828,101.528725,101.068184,101.47867,2483
2026-05-13 15:00:00,0,0.2181920732413508,0.7818079267586492,Hold,101.48868,101.69892,100.817894,101.11824,2519
2026-05-13 17:00:00,0,0.24361789572994239,0.7563821042700576,Hold,101.13827,101.37855,100.83791,100.98809,739
2026-05-13 18:00:00,0,0.2843798346775238,0.7156201653224762,Hold,100.95805,101.188324,100.91801,101.13827,341
2026-05-13 19:00:00,0,0.3092318380501787,0.6907681619498214,Hold,101.168304,101.408585,101.00812,101.26842,883
2026-05-13 20:00:00,0,0.3565212751261994,0.6434787248738005,Hold,101.25841,101.528725,100.84793,101.19834,1620
2026-05-13 21:00:00,0,0.4515342512753722,0.5484657487246278,Hold,101.168304,101.638855,101.048164,101.60882,921
2026-05-13 22:00:00,0,0.4973836381080428,0.5026163618919572,Hold,101.57878,101.85911,101.278435,101.518715,1481
2026-05-13 23:00:00,0,0.5304582801192205,0.46954171988077953,Sell,101.49869,101.69892,101.47867,101.57878,574
2026-05-14 00:00:00,0,0.5591228944833465,0.4408771055166535,Sell,101.59881,101.9392,101.47867,101.57878,1327
2026-05-14 01:00:00,0,0.44315178986944054,0.5568482101305594,Hold,101.56877,101.57878,99.716606,101.178314,6050
2026-05-14 02:00:00,0,0.5081911510012204,0.49180884899877964,Sell,101.188324,102.21953,101.03815,102.05934,4264
2026-05-14 03:00:00,0,0.5085024982707925,0.4914975017292075,Sell,102.06936,102.469826,101.11824,101.45864,6265
2026-05-14 04:00:00,0,0.5009647878966027,0.4990352121033973,Sell,101.428604,102.21953,100.928024,101.188324,4117
2026-05-14 05:00:00,0,0.5130741525987106,0.4869258474012894,Sell,101.19834,101.83909,100.2272,101.188324,7529
2026-05-14 06:00:00,0,0.5653254782714594,0.4346745217285406,Sell,101.22837,101.428604,100.15712,100.38739,4815
2026-05-14 07:00:00,0,0.5148915135081773,0.4851084864918227,Sell,100.3974,101.058174,99.506355,100.47749,8239
2026-05-14 08:00:00,0,0.48780672405393044,0.5121932759460696,Hold,100.49752,101.21836,100.28727,101.00812,8758
2026-05-14 09:00:00,0,0.43332043225245825,0.5666795677475418,Hold,101.02814,101.879135,100.44746,100.70776,10186
2026-05-14 10:00:00,0,0.30472940823077166,0.6952705917692283,Hold,100.70776,101.19834,100.50753,101.08821,6871
2026-05-14 11:00:00,0,0.253350506184293,0.746649493815707,Hold,101.09822,101.298454,100.36736,101.178314,7529
2026-05-14 12:00:00,0,0.24622702013605507,0.753772979863945,Hold,101.188324,102.1895,101.02814,101.85911,8371
2026-05-14 13:00:00,0,0.2197156617326444,0.7802843382673557,Hold,101.8491,102.119415,101.188324,101.548744,9997
2026-05-14 14:00:00,0,0.23225597618585095,0.7677440238141491,Hold,101.548744,102.129425,101.46865,102.119415,1920
2026-05-14 15:00:00,0,0.23599826340582847,0.7640017365941716,Hold,102.129425,102.29962,101.9392,102.139435,1807
2026-05-14 17:00:00,0,0.24408396679164593,0.7559160332083541,Hold,102.17948,102.1895,101.59881,102.07937,659
2026-05-14 18:00:00,0,0.24041422175111576,0.7595857782488842,Hold,102.04933,102.14945,101.81906,102.04933,231
2026-05-14 19:00:00,0,0.2317373759230993,0.7682626240769007,Hold,102.05934,102.139435,101.69892,101.95923,414
2026-05-14 20:00:00,0,0.33978338021609594,0.6602166197839041,Hold,101.91918,103.02047,101.79904,102.49986,995
2026-05-14 21:00:00,0,0.35666373396623247,0.6433362660337676,Hold,102.54992,103.04049,102.14945,102.75015,700
2026-05-14 22:00:00,0,0.36008746361272437,0.6399125363872756,Hold,102.7902,102.81022,102.469826,102.489845,214
2026-05-14 23:00:00,0,0.40420505659730144,0.5957949434026986,Hold,102.50987,102.710106,102.489845,102.49986,306
2026-05-15 00:00:00,0,0.44868820197868026,0.5513117980213198,Hold,102.53991,103.79,102.53991,103.34,1159
2026-05-15 01:00:00,0,0.38864377922962656,0.6113562207703734,Hold,103.34,103.6,103.07,103.2,536
2026-05-15 02:00:00,0,0.43520190023428035,0.5647980997657196,Hold,103.22,103.59,102.7,103.58,909
2026-05-15 03:00:00,0,0.4059788180577858,0.5940211819422142,Hold,103.56,105.24,103.41,104.95,2623
2026-05-15 04:00:00,0,0.45999115074014113,0.5400088492598589,Hold,104.89,105.31,104.41,105.2,1206
2026-05-15 05:00:00,0,0.43799731080217025,0.5620026891978298,Hold,105.2,105.21,102.9,103.25,1701
2026-05-15 06:00:00,0,0.42811162639923983,0.5718883736007602,Hold,103.19,104.6,103.06,104.46,1127
2026-05-15 07:00:00,0,0.41291117700162727,0.5870888229983727,Hold,104.49,104.71,104.0,104.22,1992
2026-05-15 08:00:00,0,0.46806307491170757,0.5319369250882924,Hold,104.22,104.28,103.48,104.28,3072
2026-05-15 09:00:00,0,0.3892247079840099,0.6107752920159901,Hold,104.28,104.99,103.52,104.64,2784
2026-05-15 10:00:00,0,0.32472714931329216,0.6752728506867078,Hold,104.63,105.71,104.34,105.45,3496
2026-05-15 11:00:00,0,0.3503391938920211,0.6496608061079789,Hold,105.45,105.78,104.97,105.08,2338
2026-05-15 12:00:00,0,0.3966999858141789,0.6033000141858211,Hold,105.09,105.33,104.73,105.07,2371
2026-05-15 13:00:00,0,0.39010175538981395,0.609898244610186,Hold,105.06,105.79,105.04,105.32,3928
2026-05-15 14:00:00,0,0.389084757394328,0.610915242605672,Hold,105.33,105.74,105.22,105.61,955
2026-05-15 15:00:00,0,0.3768004103549894,0.6231995896450107,Hold,105.6,106.0,105.38,105.66,841
2026-05-17 17:00:00,0,0.3169050491512844,0.6830949508487156,Hold,106.0,107.26,105.0,107.26,192
2026-05-17 18:00:00,0,0.27218851823752244,0.7278114817624776,Hold,107.1,107.1,106.47,106.62,174
2026-05-17 19:00:00,0,0.38822182681768785,0.6117781731823122,Hold,106.61,107.52,106.12,107.35,969
2026-05-17 20:00:00,1,0.4300735867979036,0.5699264132020965,Hold,107.2,108.7,107.08,107.65,487
2026-05-17 21:00:00,1,0.4956717679406912,0.5043282320593088,Hold,107.88,108.23,107.63,107.75,133
2026-05-17 22:00:00,1,0.5821294674947137,0.4178705325052863,Sell,107.77,107.88,107.58,107.63,172
2026-05-17 23:00:00,1,0.6263473510670919,0.37365264893290806,Sell,107.66,107.81,107.5,107.67,213
2026-05-18 00:00:00,0,0.2727820345785139,0.7272179654214861,Hold,107.65,107.66,102.56,102.88,1868
2026-05-18 01:00:00,0,0.2941863792055615,0.7058136207944385,Hold,102.88,103.45,102.8,102.87,3028
2026-05-18 02:00:00,0,0.27953881525191404,0.720461184748086,Hold,102.84,102.93,101.6,102.18,7394
2026-05-18 03:00:00,0,0.27379510809924296,0.7262048919007571,Hold,102.18,102.43,101.63,101.81,5785
2026-05-18 04:00:00,0,0.31235511681695294,0.6876448831830471,Hold,101.8,102.56,101.7,102.21,4141
2026-05-18 05:00:00,0,0.32944555673079895,0.670554443269201,Hold,102.2,102.52,102.06,102.43,2376
2026-05-18 06:00:00,0,0.2696634090213178,0.7303365909786822,Hold,102.46,103.26,100.16,100.89,18307
2026-05-18 07:00:00,0,0.25475385388553257,0.7452461461144675,Hold,100.91,101.61,98.6,99.04,21502
2026-05-18 08:00:00,0,0.24735672786291407,0.7526432721370859,Hold,99.07,100.24,98.95,99.59,20453
2026-05-18 09:00:00,0,0.21743454994023398,0.7825654500597661,Hold,99.58,102.37,99.55,102.22,22350
2026-05-18 10:00:00,0,0.19316954582094703,0.806830454179053,Hold,102.21,103.13,102.03,102.85,20621
2026-05-18 11:00:00,0,0.1609359877856387,0.8390640122143613,Hold,102.84,103.64,102.71,102.91,12869
2026-05-18 12:00:00,0,0.1407404449351394,0.8592595550648606,Hold,102.91,103.12,102.19,103.03,9768
2026-05-18 13:00:00,0,0.1520964424262498,0.8479035575737501,Hold,103.02,105.21,103.01,104.65,25455
2026-05-18 14:00:00,0,0.11634675283856398,0.883653247161436,Hold,104.66,104.8,101.41,101.96,17271
2026-05-18 15:00:00,0,0.13074207049164238,0.8692579295083576,Hold,101.96,102.6,101.1,102.49,4497
2026-05-18 17:00:00,0,0.143848781838096,0.856151218161904,Hold,102.58,102.74,102.12,102.45,2187
2026-05-18 18:00:00,0,0.1331481387750647,0.8668518612249353,Hold,102.45,102.52,102.26,102.3,549
2026-05-18 19:00:00,0,0.16168562112192283,0.8383143788780771,Hold,102.3,102.75,102.22,102.51,1890
2026-05-18 20:00:00,0,0.1928056762550346,0.8071943237449654,Hold,102.47,103.0,102.24,102.53,2633
2026-05-18 21:00:00,0,0.24466465438507812,0.7553353456149219,Hold,102.5,103.1,102.42,102.91,1222
2026-05-18 22:00:00,0,0.2662004822742385,0.7337995177257615,Hold,102.93,103.13,102.67,102.83,961
2026-05-18 23:00:00,0,0.2760345736317524,0.7239654263682476,Hold,102.84,102.92,102.59,102.65,671
2026-05-19 00:00:00,0,0.31212411843153504,0.6878758815684649,Hold,102.64,103.45,102.58,103.16,1882
2026-05-19 01:00:00,0,0.31792979607938365,0.6820702039206163,Hold,103.16,103.85,102.74,103.72,5355
2026-05-19 02:00:00,0,0.29672486699841183,0.7032751330015882,Hold,103.71,104.0,103.02,103.15,4087
2026-05-19 03:00:00,0,0.32485458323189176,0.6751454167681082,Hold,103.17,103.86,103.03,103.24,3947
2026-05-19 04:00:00,0,0.2826837360876208,0.7173162639123791,Hold,103.25,103.58,102.56,102.79,3460
2026-05-19 05:00:00,0,0.35299037590433097,0.6470096240956691,Hold,102.79,104.18,102.73,103.42,7553
2026-05-19 06:00:00,0,0.38213269286296403,0.617867307137036,Hold,103.45,104.1,103.41,103.97,3815
2026-05-19 07:00:00,0,0.3312793945672825,0.6687206054327175,Hold,103.98,104.01,103.23,103.51,4871
2026-05-19 08:00:00,0,0.3491877970958453,0.6508122029041548,Hold,103.5,104.71,103.14,103.46,19486
2026-05-19 09:00:00,0,0.29006964959899556,0.7099303504010044,Hold,103.48,103.79,102.61,103.49,16991
2026-05-19 10:00:00,0,0.22854568466372446,0.7714543153362755,Hold,103.48,103.91,102.96,103.83,9911
2026-05-19 11:00:00,0,0.19249195873222752,0.8075080412677724,Hold,103.82,104.15,103.51,103.71,7794
2026-05-19 12:00:00,0,0.18917525424071396,0.8108247457592861,Hold,103.71,104.09,103.27,103.44,9534
2026-05-19 13:00:00,0,0.15052709846865325,0.8494729015313467,Hold,103.43,104.86,103.09,104.65,23835
2026-05-19 14:00:00,0,0.1340450454876847,0.8659549545123153,Hold,104.66,104.66,104.12,104.48,4076
2026-05-19 15:00:00,0,0.23072579642339403,0.769274203576606,Hold,104.49,104.59,103.95,104.03,2584
2026-05-19 17:00:00,0,0.23119183443354954,0.7688081655664505,Hold,104.12,104.36,104.03,104.21,792
2026-05-19 18:00:00,0,0.25027118343512605,0.7497288165648739,Hold,104.21,104.29,103.76,103.92,1034
2026-05-19 19:00:00,0,0.2964047797247659,0.703595220275234,Hold,103.92,104.02,103.71,103.87,1195
2026-05-19 20:00:00,0,0.3930719892465194,0.6069280107534806,Hold,103.85,104.45,103.12,103.61,3742
2026-05-19 21:00:00,0,0.4581053679935461,0.5418946320064539,Hold,103.58,104.45,103.41,104.2,2348
2026-05-19 22:00:00,1,0.45969616905972766,0.5403038309402723,Hold,104.2,104.33,103.57,103.68,1534
2026-05-19 23:00:00,1,0.4847663814158809,0.5152336185841191,Hold,103.68,103.97,103.32,103.9,1307
2026-05-20 00:00:00,1,0.4744429336126407,0.5255570663873592,Hold,103.88,103.94,103.57,103.84,1061
2026-05-20 01:00:00,1,0.4592987638438316,0.5407012361561684,Hold,103.86,104.01,102.65,102.79,4774
2026-05-20 02:00:00,1,0.4436573385738848,0.5563426614261152,Hold,102.75,103.17,102.5,103.04,4122
2026-05-20 03:00:00,1,0.41765774026989444,0.5823422597301056,Hold,103.05,103.12,101.82,102.06,7704
2026-05-20 04:00:00,1,0.38079874620920645,0.6192012537907936,Hold,102.09,102.72,101.64,102.35,4840
2026-05-20 05:00:00,0,0.3736724212541442,0.6263275787458558,Hold,102.34,102.51,100.87,101.48,8945
2026-05-20 06:00:00,1,0.3441686468264905,0.6558313531735095,Hold,101.48,102.77,101.42,102.52,7517
2026-05-20 07:00:00,0,0.3046304402218807,0.6953695597781193,Hold,102.53,102.65,100.75,101.66,13538
2026-05-20 08:00:00,1,0.28740916870702216,0.7125908312929778,Hold,101.68,102.33,101.29,102.27,15267
2026-05-20 09:00:00,0,0.22344430241952817,0.7765556975804718,Hold,102.26,102.8,99.45,100.49,43111
2026-05-20 10:00:00,0,0.17003109754444773,0.8299689024555523,Hold,100.5,100.67,97.0,99.26,35691
2026-05-20 11:00:00,0,0.15115240093947854,0.8488475990605214,Hold,99.23,99.64,97.6,97.89,17953
2026-05-20 12:00:00,0,0.11893105575391798,0.8810689442460821,Hold,97.84,98.35,96.94,98.32,21453
2026-05-20 13:00:00,0,0.10201090809029159,0.8979890919097084,Hold,98.3,98.71,97.76,97.95,18559
2026-05-20 14:00:00,0,0.13255616348724608,0.8674438365127539,Hold,97.94,98.58,97.77,98.53,5626
2026-05-20 15:00:00,0,0.1443923436392562,0.8556076563607438,Hold,98.52,99.11,98.33,99.08,3313
2026-05-20 17:00:00,0,0.1208570312443947,0.8791429687556053,Hold,98.95,99.22,98.75,98.99,1548
2026-05-20 18:00:00,0,0.12837054008282875,0.8716294599171712,Hold,98.96,99.21,98.75,98.88,1037
2026-05-20 19:00:00,0,0.1742564800540178,0.8257435199459822,Hold,98.87,100.11,98.79,99.12,3736
2026-05-20 20:00:00,0,0.2097529699464985,0.7902470300535015,Hold,99.12,99.16,98.5,98.6,3620
2026-05-20 21:00:00,0,0.31683761674638206,0.683162383253618,Hold,98.59,99.25,98.52,99.15,1356
2026-05-20 22:00:00,0,0.281089425017098,0.718910574982902,Hold,99.16,99.27,98.94,99.12,877
2026-05-20 23:00:00,0,0.2801512760106903,0.7198487239893097,Hold,99.1,99.29,98.79,98.84,789
2026-05-21 00:00:00,0,0.3887040066497833,0.6112959933502167,Hold,98.84,100.06,98.82,99.42,2355
2026-05-21 01:00:00,0,0.3416314649378505,0.6583685350621495,Hold,99.45,99.85,98.8,99.55,4343
2026-05-21 02:00:00,0,0.3418095314158744,0.6581904685841256,Hold,99.58,99.93,99.24,99.28,2576
2026-05-21 03:00:00,0,0.2769269149111892,0.7230730850888107,Hold,99.28,99.58,98.04,98.47,8129
2026-05-21 04:00:00,0,0.2502745212377844,0.7497254787622156,Hold,98.5,98.5,97.25,97.59,6056
2026-05-21 05:00:00,0,0.3260436953438268,0.6739563046561732,Hold,97.6,101.34,97.48,101.06,20199
2026-05-21 06:00:00,0,0.30738103520434873,0.6926189647956513,Hold,101.08,101.08,100.15,100.59,9638
2026-05-21 07:00:00,0,0.32744564352031885,0.6725543564796812,Hold,100.57,101.29,100.44,101.09,12880
2026-05-21 08:00:00,0,0.30309237021956775,0.6969076297804322,Hold,101.09,102.66,100.29,100.53,30563
2026-05-21 09:00:00,1,0.232294374275347,0.7677056257246531,Hold,100.53,101.56,100.27,101.35,19559
2026-05-21 10:00:00,0,0.16747541372364427,0.8325245862763557,Hold,101.36,102.14,100.72,100.73,15713
2026-05-21 11:00:00,0,0.16608748629334363,0.8339125137066563,Hold,100.72,100.78,99.79,100.01,13148
2026-05-21 12:00:00,0,0.11318448150683456,0.8868155184931654,Hold,100.0,100.43,95.76,96.33,47121
2026-05-21 13:00:00,0,0.0968758777742056,0.9031241222257944,Hold,96.34,98.3,96.0,98.01,37208
2026-05-21 14:00:00,0,0.07640624161993646,0.9235937583800635,Hold,98.01,98.21,97.06,97.32,12347
2026-05-21 15:00:00,0,0.09631288410941523,0.9036871158905848,Hold,97.35,98.18,97.21,98.0,3143
2026-05-21 17:00:00,0,0.10286774396001791,0.8971322560399821,Hold,98.0,98.0,97.29,97.73,1753
2026-05-21 18:00:00,0,0.12058303626409475,0.8794169637359053,Hold,97.73,97.91,97.51,97.74,908
2026-05-21 19:00:00,0,0.15217456208806146,0.8478254379119385,Hold,97.74,98.15,97.6,97.93,2462
2026-05-21 20:00:00,0,0.1576686429482559,0.8423313570517441,Hold,97.92,98.35,97.62,97.69,2384
2026-05-21 21:00:00,0,0.18888073137637765,0.8111192686236224,Hold,97.66,97.97,97.33,97.47,1412
2026-05-21 22:00:00,0,0.2317759646340924,0.7682240353659076,Hold,97.44,97.57,97.24,97.46,1301
2026-05-21 23:00:00,0,0.2298662063891788,0.7701337936108212,Hold,97.48,97.48,96.92,97.35,1646
2026-05-22 00:00:00,0,0.26874079367610304,0.731259206323897,Hold,97.34,98.55,97.34,98.38,1992
2026-05-22 01:00:00,0,0.22273231046461428,0.7772676895353857,Hold,98.38,98.73,97.92,98.0,3247
2026-05-22 02:00:00,0,0.2856264717400538,0.7143735282599462,Hold,97.98,98.93,97.95,98.46,6116
2026-05-22 03:00:00,0,0.2687198409516998,0.7312801590483002,Hold,98.46,99.43,98.09,98.7,10020
2026-05-22 04:00:00,0,0.2515397745610579,0.7484602254389421,Hold,98.72,99.07,97.89,98.52,4523
2026-05-22 05:00:00,1,0.2720320875137041,0.7279679124862959,Hold,98.5,98.8,97.66,98.31,4483
2026-05-22 06:00:00,1,0.2688801784858798,0.7311198215141201,Hold,98.32,98.66,97.16,97.52,5513
2026-05-22 07:00:00,0,0.21855982387222808,0.781440176127772,Hold,97.55,97.77,95.65,96.22,18992
2026-05-22 08:00:00,1,0.25291172511113913,0.7470882748888609,Hold,96.2,98.11,95.46,97.77,25591
2026-05-22 09:00:00,1,0.16716422383112975,0.8328357761688703,Hold,97.78,98.17,97.29,97.57,10145
2026-05-22 10:00:00,1,0.11345836990194673,0.8865416300980533,Hold,97.57,97.96,96.8,97.06,11129
2026-05-22 11:00:00,1,0.0950700407678646,0.9049299592321354,Hold,97.06,97.41,96.52,96.86,12090
2026-05-22 12:00:00,1,0.07195795550749663,0.9280420444925034,Hold,96.83,97.24,94.73,96.07,27946
2026-05-22 13:00:00,1,0.09814717888063723,0.9018528211193628,Hold,96.07,96.77,96.0,96.25,16434
2026-05-22 14:00:00,1,0.09854215472897582,0.9014578452710242,Hold,96.23,96.95,96.08,96.28,6927
2026-05-22 15:00:00,1,0.10538697175169205,0.8946130282483079,Hold,96.23,97.27,95.97,97.0,5992
2026-05-24 17:00:00,0,0.08809124764035453,0.9119087523596454,Hold,93.88,93.9,91.25,91.54,10587
2026-05-24 18:00:00,0,0.07762851175174883,0.9223714882482512,Hold,91.52,92.18,91.3,92.14,2364
2026-05-24 19:00:00,0,0.07758167483066716,0.9224183251693329,Hold,92.12,92.29,90.87,91.9,3977
2026-05-24 20:00:00,0,0.09079875398247524,0.9092012460175247,Hold,91.92,92.52,91.7,92.41,4169
2026-05-24 21:00:00,0,0.10646156732980964,0.8935384326701904,Hold,92.42,92.55,91.71,91.74,2236
2026-05-24 22:00:00,0,0.12740319531964714,0.8725968046803528,Hold,91.72,91.78,90.32,90.94,7710
2026-05-24 23:00:00,0,0.14486908717229194,0.855130912827708,Hold,91.01,91.3,90.87,90.98,1854
2026-05-25 00:00:00,0,0.1653119157732774,0.8346880842267226,Hold,90.97,91.05,90.58,90.98,2057
2026-05-25 01:00:00,0,0.19085011416364694,0.8091498858363531,Hold,91.0,91.61,90.87,91.4,2787
2026-05-25 02:00:00,0,0.19961368088001483,0.8003863191199851,Hold,91.4,92.7,91.25,91.76,8062
2026-05-25 03:00:00,0,0.1912888519699593,0.8087111480300407,Hold,91.76,92.52,91.63,91.75,3708
2026-05-25 04:00:00,0,0.1961742809829092,0.8038257190170908,Hold,91.74,91.85,91.01,91.23,3218
2026-05-25 05:00:00,0,0.22222610405079818,0.7777738959492018,Hold,91.23,91.35,90.71,90.91,3153
2026-05-25 06:00:00,0,0.22725483529238205,0.772745164707618,Hold,90.91,91.42,90.54,90.89,4829
2026-05-25 07:00:00,0,0.23914703249878874,0.7608529675012112,Hold,90.91,91.55,90.34,91.47,5347
2026-05-25 08:00:00,0,0.18432789510496855,0.8156721048950315,Hold,91.5,91.88,91.31,91.39,4745
2026-05-25 09:00:00,0,0.19954133194914905,0.800458668050851,Hold,91.39,91.52,90.89,91.43,5480
2026-05-25 10:00:00,0,0.16917503724238486,0.8308249627576152,Hold,91.46,91.82,90.42,91.09,9950
2026-05-25 11:00:00,0,0.1484986410167409,0.8515013589832591,Hold,91.1,91.6,89.75,89.85,6258
2026-05-25 12:00:00,0,0.1446458490532758,0.8553541509467242,Hold,89.86,90.45,89.41,90.33,4507
2026-05-25 13:00:00,0,0.12024019670912503,0.879759803290875,Hold,90.33,90.44,90.14,90.3,844
2026-05-25 17:00:00,0,0.15588493318069713,0.8441150668193029,Hold,91.0,91.23,90.35,90.77,4017
2026-05-25 18:00:00,0,0.14354189429935402,0.856458105700646,Hold,90.75,91.12,90.6,90.93,2100
2026-05-25 19:00:00,0,0.1422068800449634,0.8577931199550366,Hold,90.94,91.6,90.9,91.48,6100
2026-05-25 20:00:00,0,0.1494649222643461,0.850535077735654,Hold,91.5,92.04,91.38,91.85,3647
2026-05-25 21:00:00,0,0.16085633421933182,0.8391436657806681,Hold,91.85,91.94,91.39,91.58,2055
2026-05-25 22:00:00,0,0.17633046664786609,0.8236695333521339,Hold,91.58,91.72,91.4,91.66,1429
2026-05-25 23:00:00,0,0.2056255108072772,0.7943744891927228,Hold,91.66,92.12,91.58,92.02,1579
2026-05-26 00:00:00,0,0.1911075896225346,0.8088924103774654,Hold,92.01,92.55,91.79,91.89,2906
2026-05-26 01:00:00,0,0.2306338205013213,0.7693661794986787,Hold,91.9,92.31,91.4,91.67,4403
2026-05-26 02:00:00,0,0.22132195352769196,0.778678046472308,Hold,91.66,92.96,91.53,92.47,8667
2026-05-26 03:00:00,0,0.2741572462354907,0.7258427537645094,Hold,92.47,93.64,92.33,93.2,7160
2026-05-26 04:00:00,0,0.25888306782679144,0.7411169321732085,Hold,93.21,93.28,92.51,92.61,5481
2026-05-26 05:00:00,0,0.20355976659861946,0.7964402334013805,Hold,92.61,92.73,91.5,92.02,7171
2026-05-26 06:00:00,0,0.22734255657422298,0.772657443425777,Hold,92.02,92.9,91.98,92.72,6705
2026-05-26 07:00:00,0,0.21750261284526015,0.7824973871547398,Hold,92.72,93.36,92.42,92.8,8666
2026-05-26 08:00:00,0,0.25119640442516133,0.7488035955748387,Hold,92.81,94.51,92.54,94.2,16647
2026-05-26 09:00:00,0,0.24211811388659724,0.7578818861134028,Hold,94.16,94.43,93.17,94.19,17700
2026-05-26 10:00:00,0,0.14335139861212354,0.8566486013878765,Hold,94.19,94.7,93.81,93.9,14276
2026-05-26 11:00:00,0,0.14477931997145327,0.8552206800285467,Hold,93.89,94.36,93.71,94.03,9504
2026-05-26 12:00:00,0,0.10560347710664984,0.8943965228933501,Hold,94.04,94.16,93.56,93.76,8327
2026-05-26 13:00:00,0,0.09843005217101228,0.9015699478289877,Hold,93.76,94.09,93.41,93.68,14754
2026-05-26 14:00:00,0,0.11217142720392197,0.8878285727960781,Hold,93.69,94.06,93.51,93.53,4609
2026-05-26 15:00:00,1,0.13944114079556896,0.8605588592044311,Hold,93.51,93.87,93.2,93.57,2702
2026-05-26 17:00:00,1,0.14585977657517268,0.8541402234248273,Hold,93.39,93.69,93.3,93.58,1184
2026-05-26 18:00:00,1,0.17082926035221552,0.8291707396477845,Hold,93.57,93.62,93.1,93.31,1244
2026-05-26 19:00:00,1,0.1958736420053353,0.8041263579946647,Hold,93.33,93.43,92.81,92.96,2608
2026-05-26 20:00:00,1,0.22889035323992638,0.7711096467600737,Hold,92.97,93.22,92.55,92.85,2448
2026-05-26 21:00:00,1,0.2427032391238798,0.7572967608761202,Hold,92.84,92.84,92.16,92.4,2641
2026-05-26 22:00:00,1,0.2715164830376597,0.7284835169623403,Hold,92.38,92.39,91.87,92.11,2644
2026-05-26 23:00:00,1,0.25662420062095853,0.7433757993790415,Hold,92.11,92.15,91.81,91.94,1362
2026-05-27 00:00:00,1,0.2335336778347602,0.7664663221652398,Hold,91.95,92.22,91.73,91.85,2311
2026-05-27 01:00:00,1,0.21311965830150667,0.7868803416984933,Hold,91.84,92.04,91.41,91.54,4254
2026-05-27 02:00:00,1,0.21325077468718048,0.7867492253128195,Hold,91.54,91.65,90.85,91.12,6789
2026-05-27 03:00:00,0,0.25344486250303205,0.7465551374969679,Hold,91.1,91.26,89.69,90.17,9388
2026-05-27 04:00:00,0,0.273150529043735,0.726849470956265,Hold,90.16,90.53,89.64,89.87,7922
2026-05-27 05:00:00,0,0.34901635351854976,0.6509836464814502,Hold,89.86,90.51,89.83,90.21,4784
2026-05-27 06:00:00,0,0.31276341312484895,0.6872365868751511,Hold,90.2,90.85,89.99,90.54,8569
2026-05-27 07:00:00,0,0.2814367139594374,0.7185632860405626,Hold,90.55,90.77,87.78,88.84,32131
2026-05-27 08:00:00,0,0.223393498602942,0.776606501397058,Hold,88.85,90.02,88.76,89.8,18982
2026-05-27 09:00:00,0,0.20148468348346796,0.7985153165165321,Hold,89.79,91.01,89.46,90.81,23481
2026-05-27 10:00:00,0,0.16007677675748602,0.839923223242514,Hold,90.82,91.19,89.93,90.01,20875
2026-05-27 11:00:00,0,0.13574030241305865,0.8642596975869413,Hold,90.02,90.4,89.42,89.88,12182
2026-05-27 12:00:00,0,0.14193728712301604,0.858062712876984,Hold,89.88,90.1,89.16,89.52,8983
2026-05-27 13:00:00,0,0.1292018205996565,0.8707981794003435,Hold,89.53,89.6,88.48,88.94,18144
2026-05-27 14:00:00,0,0.15634400974961327,0.8436559902503867,Hold,88.94,89.58,88.83,89.44,5362
2026-05-27 15:00:00,0,0.13037962977521197,0.869620370224788,Hold,89.44,89.6,89.3,89.41,1827
2026-05-27 17:00:00,0,0.1532874681013956,0.8467125318986044,Hold,89.11,90.08,89.11,89.7,2091
2026-05-27 18:00:00,0,0.13660474573542264,0.8633952542645773,Hold,89.75,90.4,89.61,90.2,2454
2026-05-27 19:00:00,0,0.12778933074742582,0.8722106692525742,Hold,90.21,90.69,90.18,90.48,3565
2026-05-27 20:00:00,0,0.14129203630013612,0.8587079636998639,Hold,90.46,90.48,89.97,90.18,2910
2026-05-27 21:00:00,0,0.1380514616094098,0.8619485383905903,Hold,90.17,90.97,89.93,90.94,2892
2026-05-27 22:00:00,1,0.22401745733328768,0.7759825426667123,Hold,90.94,92.23,90.86,92.18,6859
2026-05-27 23:00:00,1,0.27506812856683194,0.7249318714331681,Hold,92.2,92.52,91.99,92.17,3268
2026-05-28 00:00:00,1,0.22266529537111696,0.777334704628883,Hold,92.14,92.23,91.41,91.58,3556
2026-05-28 01:00:00,1,0.18098401223821295,0.8190159877617871,Hold,91.57,91.62,90.75,91.15,3870
2026-05-28 02:00:00,1,0.2080014852695328,0.7919985147304672,Hold,91.15,91.42,90.81,90.93,4614
2026-05-28 03:00:00,0,0.20979284685148614,0.7902071531485139,Hold,90.93,91.03,90.48,90.56,5180
2026-05-28 04:00:00,0,0.21226749097696826,0.7877325090230317,Hold,90.56,90.78,89.87,90.25,4435
2026-05-28 05:00:00,1,0.25668966022341844,0.7433103397765816,Hold,90.26,91.37,90.0,91.01,5748
2026-05-28 06:00:00,1,0.27692847636146845,0.7230715236385316,Hold,91.0,91.57,90.74,91.3,5963
2026-05-28 07:00:00,0,0.2763033047234323,0.7236966952765678,Hold,91.31,91.45,90.4,90.54,8739
2026-05-28 08:00:00,1,0.29414795291896756,0.7058520470810324,Hold,90.54,91.35,90.3,90.83,10714
2026-05-28 09:00:00,0,0.15699380728620743,0.8430061927137926,Hold,90.83,91.14,87.17,89.49,22589
2026-05-28 10:00:00,0,0.14438570097248132,0.8556142990275186,Hold,89.51,90.16,88.98,89.78,14126
2026-05-28 11:00:00,0,0.1411700763301337,0.8588299236698663,Hold,89.77,90.25,88.02,88.24,14108
2026-05-28 12:00:00,0,0.10506587419183547,0.8949341258081646,Hold,88.26,89.16,88.2,88.85,9562
2026-05-28 13:00:00,0,0.09339749334928191,0.9066025066507181,Hold,88.86,89.54,88.59,89.25,13109
2026-05-28 14:00:00,0,0.08977425419985441,0.9102257458001456,Hold,89.24,89.49,89.01,89.48,3067
2026-05-28 15:00:00,0,0.11266936035211943,0.8873306396478806,Hold,89.47,89.64,88.53,88.53,4329
2026-05-28 17:00:00,0,0.1319306453344547,0.8680693546655454,Hold,88.55,88.92,88.26,88.51,1351
2026-05-28 18:00:00,0,0.12663467911669268,0.8733653208833073,Hold,88.54,88.67,88.2,88.53,1205
2026-05-28 19:00:00,0,0.142734104242206,0.857265895757794,Hold,88.53,88.53,87.63,88.36,2915
2026-05-28 20:00:00,0,0.1475045032183653,0.8524954967816347,Hold,88.35,88.44,87.67,87.89,2677
2026-05-28 21:00:00,0,0.1918587955644733,0.8081412044355267,Hold,87.9,88.05,87.57,87.77,1976
2026-05-28 22:00:00,0,0.2077043704544359,0.7922956295455641,Hold,87.81,88.29,87.37,88.2,2692
2026-05-28 23:00:00,0,0.2156173571331401,0.7843826428668599,Hold,88.18,88.25,87.47,87.71,2963
2026-05-29 00:00:00,0,0.2686909928418346,0.7313090071581654,Hold,87.72,88.13,87.67,88.02,1555
2026-05-29 01:00:00,0,0.21809876040350032,0.7819012395964997,Hold,88.01,88.04,87.17,87.48,3153
2026-05-29 02:00:00,0,0.2733952834624859,0.726604716537514,Hold,87.48,89.01,87.34,88.72,5200
2026-05-29 03:00:00,0,0.23833144343258536,0.7616685565674146,Hold,88.72,89.02,88.52,88.68,3662
2026-05-29 04:00:00,0,0.22608592675424544,0.7739140732457546,Hold,88.69,88.72,86.86,87.5,10722
2026-05-29 05:00:00,0,0.2005167242681591,0.7994832757318409,Hold,87.5,87.82,86.71,87.35,4146
2026-05-29 06:00:00,0,0.21579828571556375,0.7842017142844362,Hold,87.34,88.31,87.16,87.61,5623
2026-05-29 07:00:00,0,0.20585766854793056,0.7941423314520695,Hold,87.62,88.16,87.21,87.33,7433
2026-05-29 08:00:00,0,0.1957854685089598,0.8042145314910402,Hold,87.32,87.87,86.73,87.69,14415
2026-05-29 09:00:00,0,0.18528655629221094,0.8147134437077891,Hold,87.68,88.95,87.46,87.96,22566
2026-05-29 10:00:00,0,0.11213232377000208,0.887867676229998,Hold,87.97,88.01,86.35,87.6,28303
2026-05-29 11:00:00,0,0.14355328428339323,0.8564467157166068,Hold,87.6,87.97,86.43,86.58,14030
2026-05-29 12:00:00,0,0.1110920895239068,0.8889079104760932,Hold,86.59,87.32,86.56,87.19,12990
2026-05-29 13:00:00,0,0.09714075473607407,0.9028592452639259,Hold,87.18,88.0,87.0,87.64,19534
2026-05-29 14:00:00,0,0.07639641110157738,0.9236035888984226,Hold,87.66,88.17,87.5,88.08,4616
2026-05-29 15:00:00,0,0.07218363655776928,0.9278163634422307,Hold,88.08,88.14,87.62,87.76,2574
2026-05-31 17:00:00,0,0.1101676369522774,0.8898323630477226,Hold,88.5,90.08,88.45,89.59,6396
2026-05-31 18:00:00,0,0.10245305452720276,0.8975469454727972,Hold,89.6,89.65,89.11,89.42,2038
2026-05-31 19:00:00,0,0.11724116126704118,0.8827588387329588,Hold,89.43,89.95,89.25,89.33,2350
2026-05-31 20:00:00,0,0.15255296289278839,0.8474470371072116,Hold,89.33,90.2,89.03,89.88,3473
2026-05-31 21:00:00,0,0.15575582960637468,0.8442441703936253,Hold,89.89,90.0,89.51,89.61,1749
2026-05-31 22:00:00,0,0.2140291217975944,0.7859708782024056,Hold,89.59,90.04,89.16,89.74,3227
2026-05-31 23:00:00,0,0.21415082496094293,0.785849175039057,Hold,89.73,89.94,89.26,89.65,1320
2026-06-01 00:00:00,0,0.26882869372266965,0.7311713062773304,Hold,89.66,90.0,89.48,89.75,1466
2026-06-01 01:00:00,0,0.3499608220406158,0.6500391779593842,Hold,89.73,90.76,89.71,90.16,4140
2026-06-01 02:00:00,0,0.4075953349388961,0.5924046650611039,Hold,90.15,90.71,90.08,90.37,4028
2026-06-01 03:00:00,0,0.37021195625233155,0.6297880437476684,Hold,90.39,91.26,90.21,90.82,5849
2026-06-01 04:00:00,0,0.36984132252320306,0.6301586774767969,Hold,90.82,91.25,90.55,90.8,3028
2026-06-01 05:00:00,0,0.34009416653523317,0.6599058334647668,Hold,90.78,90.93,90.47,90.64,3313
2026-06-01 06:00:00,0,0.3524198044188862,0.6475801955811138,Hold,90.64,90.79,90.17,90.25,3882
2026-06-01 07:00:00,0,0.28867456583005613,0.7113254341699439,Hold,90.25,90.47,89.27,89.66,10034
2026-06-01 08:00:00,0,0.2767754920032536,0.7232245079967464,Hold,89.65,94.2,89.45,94.14,40009
2026-06-01 09:00:00,0,0.23317028858136005,0.76682971141864,Hold,94.17,94.71,92.94,94.52,26032
2026-06-01 10:00:00,0,0.15984195967217246,0.8401580403278275,Hold,94.52,94.78,92.2,93.78,26417
